date,name,type,value
1月28日,湖北,武汉市,315
1月28日,湖北,黄石市,33
1月28日,湖北,十堰市,23
1月28日,湖北,襄阳市,61
1月28日,湖北,宜昌市,12
1月28日,湖北,荆州市,30
1月28日,湖北,荆门市,28
1月28日,湖北,鄂州市,27
1月28日,湖北,孝感市,101
1月28日,湖北,黄冈市,111
1月28日,湖北,咸宁市,21
1月28日,湖北,随州市,46
1月28日,湖北,恩施州,13
1月28日,湖北,仙桃市,5
1月28日,湖北,天门市,11
1月28日,湖北,潜江市,1
1月28日,湖北,神农架林区,2
1月28日,湖北,湖北,0
1月28日,山西,运城市,4
1月28日,山西,晋中市,2
1月28日,山西,大同市,1
1月28日,德国,德国,3
1月28日,江西,南昌市,8
1月28日,江西,新余市,8
1月28日,江西,九江市,7
1月28日,江西,赣州市,6
1月28日,江西,宜春市,4
1月28日,江西,上饶市,2
1月28日,江西,吉安市,1
1月28日,江西,抚州市,1
1月28日,法国,法国,1
1月28日,马来西亚,马来西亚,3
1月28日,黑龙江,佳木斯市,2
1月28日,加拿大,加拿大,1
1月28日,上海,浦东新区,3
1月28日,上海,静安区,2
1月28日,上海,黄浦区,1
1月28日,上海,宝山区,1
1月28日,上海,外地来沪,7
1月28日,辽宁,朝阳市,1
1月28日,辽宁,葫芦岛市,1
1月28日,广西,南宁市,2
1月28日,广西,北海市,2
1月28日,广西,防城港市,2
1月28日,广西,桂林市,1
1月28日,河南,濮阳市,1
1月28日,河南,郑州市,3
1月28日,河南,开封市,1
1月28日,河南,安阳市,3
1月28日,河南,鹤壁市,3
1月28日,河南,新乡市,1
1月28日,河南,三门峡市,1
1月28日,河南,南阳市,5
1月28日,河南,商丘市,7
1月28日,河南,周口市,4
1月28日,河南,信阳市,3
1月28日,河南,驻马店市,6
1月28日,山东,济南市,1
1月28日,山东,淄博市,2
1月28日,山东,枣庄市,3
1月28日,山东,潍坊市,2
1月28日,山东,泰安市,2
1月28日,山东,威海市,1
1月28日,山东,日照市,1
1月28日,山东,临沂市,7
1月28日,山东,德州市,3
1月28日,山东,滨州市,2
1月28日,山东,菏泽市,2
1月28日,安徽,合肥市,13
1月28日,安徽,亳州市,7
1月28日,安徽,宿州市,6
1月28日,安徽,阜阳市,2
1月28日,安徽,六安市,2
1月28日,安徽,马鞍山市,1
1月28日,安徽,芜湖市,2
1月28日,安徽,安庆市,6
1月28日,安徽,黄山市,3
1月28日,安徽,宿松市,4
1月28日,贵州,贵阳市,0
1月28日,江苏,南京市,4
1月28日,江苏,苏州市,8
1月28日,江苏,无锡市,3
1月28日,江苏,淮安市,1
1月28日,江苏,盐城市,5
1月28日,江苏,扬州市,3
1月28日,江苏,泰州市,4
1月28日,江苏,宿迁市,1
1月28日,浙江,杭州市,19
1月28日,浙江,宁波市,3
1月28日,浙江,温州市,54
1月28日,浙江,湖州市,2
1月28日,浙江,嘉兴市,3
1月28日,浙江,绍兴市,12
1月28日,浙江,金华市,6
1月28日,浙江,衢州市,3
1月28日,浙江,舟山市,2
1月28日,浙江,台州市,18
1月28日,浙江,丽水市,1
1月28日,四川,成都市,9
1月28日,四川,泸州市,1
1月28日,四川,德阳市,1
1月28日,四川,广元市,1
1月28日,四川,内江市,1
1月28日,四川,宜宾市,1
1月28日,四川,南充市,1
1月28日,四川,达州市,1
1月28日,四川,巴中市,2
1月28日,湖南,长沙市,22
1月28日,湖南,衡阳市,10
1月28日,湖南,株洲市,6
1月28日,湖南,湘潭市,2
1月28日,湖南,邵阳市,8
1月28日,湖南,岳阳市,9
1月28日,湖南,常德市,7
1月28日,湖南,益阳市,4
1月28日,湖南,永州市,4
1月28日,湖南,怀化市,2
1月28日,湖南,娄底市,4
1月28日,黑龙江,鸡西市,1
1月28日,黑龙江,哈尔滨市,1
1月28日,河北,保定市,3
1月28日,河北,沧州市,3
1月28日,河北,廊坊市,3
1月28日,河北,唐山市,2
1月28日,河北,石家庄市,1
1月28日,河北,衡水市,1
1月28日,河北,张家口市,1
1月28日,河北,邢台市,1
1月28日,甘肃,平凉市,1
1月28日,甘肃,兰州市,3
1月28日,甘肃,张掖市,1
1月28日,广东,河源市,1
1月28日,广东,茂名市,2
1月28日,广东,深圳市,14
1月28日,广东,广州市,12
1月28日,广东,中山市,6
1月28日,广东,东莞市,5
1月28日,广东,珠海市,2
1月28日,广东,湛江市,2
1月28日,广东,揭阳市,2
1月28日,广东,阳江市,2
1月28日,广东,汕头市,1
1月28日,广东,惠州市,1
1月28日,广东,肇庆市,1
1月28日,广东,梅州市,1
1月28日,广东,清远市,1
1月28日,重庆,万州区,2
1月28日,重庆,渝中区,1
1月28日,重庆,江北区,1
1月28日,重庆,合川区,1
1月28日,重庆,綦江区,2
1月28日,重庆,璧山区,1
1月28日,重庆,开州区,2
1月28日,重庆,忠县,2
1月28日,重庆,云阳县,1
1月28日,重庆,奉节县,1
1月28日,重庆,石柱县,1
1月28日,福建,厦门市,1
1月28日,福建,宁德市,1
1月28日,新疆,乌鲁木齐市,1
1月28日,新疆,伊犁州,2
1月28日,海南,海口市,2
1月28日,海南,万宁市,1
1月28日,吉林,通化市,1
1月28日,宁夏,吴忠市,1
1月28日,重庆,重庆,0
1月29日,内蒙古,巴彦淖尔市,1
1月29日,陕西,西安市,3
1月29日,陕西,宝鸡市,1
1月29日,陕西,咸阳市,1
1月29日,陕西,延安市,1
1月29日,陕西,汉中市,2
1月29日,陕西,安康市,2
1月29日,辽宁,葫芦岛市,1
1月28日,云南,昆明市,3
1月28日,云南,曲靖市,3
1月28日,云南,普洱市,1
1月29日,四川,成都市,0
1月29日,安徽,合肥市,0
1月29日,安徽,亳州市,0
1月29日,北京,西城区,1
1月29日,北京,朝阳区,2
1月29日,北京,丰台区,1
1月29日,北京,海淀区,2
1月29日,北京,门头沟区,1
1月29日,北京,昌平区,1
1月29日,北京,大兴区,3
1月29日,上海,上海,0
1月29日,天津,武清区,1
1月29日,天津,和平区,1
1月29日,天津,滨海新区,1
1月29日,湖北,武汉市,0
1月29日,阿联酋,阿联酋,1
1月27日,天津,河东区,1
1月27日,江西,南昌市,9
1月27日,江西,九江市,5
1月27日,江西,宜春市,4
1月27日,江西,赣州市,3
1月27日,江西,鹰潭市,1
1月27日,江西,上饶市,1
1月27日,江西,抚州市,1
1月27日,江西,吉安市,0
1月27日,江西,萍乡市,0
1月27日,山西,晋中市,3
1月27日,山西,吕梁市,2
1月27日,山西,太原市,1
1月27日,山西,运城市,1
1月27日,德国,德国,1
1月27日,广西,北海市,2
1月27日,广西,梧州市,2
1月27日,广西,桂林市,1
1月27日,河南,焦作市,2
1月27日,河南,郑州市,8
1月27日,河南,开封市,1
1月27日,河南,安阳市,4
1月27日,河南,新乡市,2
1月27日,河南,许昌市,1
1月27日,河南,漯河市,3
1月27日,河南,南阳市,7
1月27日,河南,商丘市,1
1月27日,河南,周口市,4
1月27日,河南,信阳市,6
1月27日,河南,驻马店市,1
1月27日,山东,泰安市,1
1月27日,山东,济南市,3
1月27日,山东,德州市,2
1月27日,山东,聊城市,2
1月27日,山东,威海市,1
1月27日,山东,日照市,1
1月27日,山东,临沂市,1
1月27日,山东,滨州市,1
1月27日,江苏,南京市,3
1月27日,江苏,无锡市,2
1月27日,江苏,徐州市,5
1月27日,江苏,常州市,2
1月27日,江苏,苏州市,4
1月27日,江苏,南通市,2
1月27日,江苏,扬州市,1
1月27日,江苏,泰州市,2
1月27日,江苏,宿迁市,2
1月27日,贵州,黔南州,2
1月27日,上海,外地来沪,10
1月27日,上海,浦东新区,2
1月27日,上海,黄浦区,1
1月27日,湖北,武汉市,892
1月27日,湖北,黄石市,17
1月27日,湖北,十堰市,25
1月27日,湖北,襄阳市,34
1月27日,湖北,宜昌市,20
1月27日,湖北,荆州市,24
1月27日,湖北,荆门市,24
1月27日,湖北,鄂州市,37
1月27日,湖北,孝感市,73
1月27日,湖北,黄冈市,59
1月27日,湖北,咸宁市,27
1月27日,湖北,随州市,18
1月27日,湖北,恩施州,13
1月27日,湖北,仙桃市,15
1月27日,湖北,天门市,10
1月27日,湖北,潜江市,2
1月27日,湖北,神农架林区,1
1月27日,安徽,阜阳市,11
1月27日,安徽,铜陵市,6
1月27日,安徽,合肥市,3
1月27日,安徽,芜湖市,3
1月27日,安徽,马鞍山市,3
1月27日,安徽,黄山市,3
1月27日,安徽,亳州市,2
1月27日,安徽,滁州市,2
1月27日,安徽,淮北市,1
1月27日,安徽,六安市,1
1月27日,安徽,宣城市,1
1月27日,重庆,万州区,1
1月27日,重庆,黔江区,1
1月27日,重庆,江北区,1
1月27日,重庆,九龙坡区,1
1月27日,重庆,南岸区,1
1月27日,重庆,渝北区,1
1月27日,重庆,长寿区,1
1月27日,重庆,合川区,1
1月27日,重庆,綦江区,1
1月27日,重庆,铜梁区,1
1月27日,重庆,开州区,2
1月27日,重庆,垫江县,1
1月27日,重庆,忠县,3
1月27日,重庆,云阳县,2
1月27日,重庆,石柱县,3
1月27日,重庆,两江新区,1
1月27日,新疆,吐鲁番市,1
1月27日,新疆,石河子市,2
1月27日,新疆,乌鲁木齐市,1
1月27日,新疆,伊犁州,1
1月27日,黑龙江,哈尔滨市,2
1月27日,黑龙江,齐齐哈尔市,1
1月27日,黑龙江,七台河市,1
1月27日,黑龙江,绥化市,5
1月27日,甘肃,金昌市,1
1月27日,甘肃,天水市,1
1月27日,甘肃,兰州市,3
1月27日,浙江,杭州市,5
1月27日,浙江,宁波市,4
1月27日,浙江,温州市,28
1月27日,浙江,嘉兴市,3
1月27日,浙江,绍兴市,1
1月27日,浙江,金华市,2
1月27日,浙江,丽水市,2
1月27日,四川,成都市,4
1月27日,四川,自贡市,5
1月27日,四川,泸州市,1
1月27日,四川,绵阳市,1
1月27日,四川,遂宁市,1
1月27日,四川,内江市,2
1月27日,四川,乐山市,1
1月27日,四川,南充市,2
1月27日,四川,广安市,1
1月27日,四川,雅安市,1
1月27日,四川,甘孜州,1
1月27日,四川,凉山州,1
1月27日,河北,廊坊市,4
1月27日,河北,沧州市,3
1月27日,河北,邯郸市,2
1月27日,河北,石家庄市,2
1月27日,河北,衡水市,2
1月27日,河北,唐山市,1
1月27日,河北,邢台市,1
1月27日,广东,广州市,10
1月27日,广东,深圳市,13
1月27日,广东,汕头市,3
1月27日,广东,佛山市,4
1月27日,广东,惠州市,3
1月27日,广东,中山市,1
1月27日,广东,清远市,2
1月27日,广东,揭阳市,1
1月27日,内蒙古,包头市,1
1月27日,内蒙古,赤峰市,1
1月27日,宁夏,银川市,2
1月27日,宁夏,吴忠市,2
1月27日,北京,北京,0
1月27日,海南,海口市,1
1月27日,海南,三亚市,3
1月27日,海南,琼海市,1
1月27日,海南,东方市,1
1月27日,海南,琼中县,1
1月27日,吉林,吉林市,1
1月27日,吉林,公主岭市,1
1月27日,湖南,长沙市,2
1月27日,湖南,衡阳市,3
1月27日,湖南,株洲市,2
1月27日,湖南,湘潭市,2
1月27日,湖南,邵阳市,3
1月27日,湖南,岳阳市,10
1月27日,湖南,常德市,7
1月27日,湖南,益阳市,3
1月27日,湖南,郴州市,1
1月27日,湖南,永州市,3
1月27日,湖南,怀化市,5
1月27日,湖南,娄底市,2
1月27日,澳门,澳门,1
1月27日,泰国,泰国,0
1月28日,湖北,武汉市,0
1月28日,天津,西青区,1
1月28日,辽宁,沈阳市,1
1月28日,辽宁,丹东市,1
1月28日,辽宁,辽阳市,1
1月27日,云南,昭通市,1
1月27日,福建,厦门市,1
1月27日,福建,泉州市,3
1月27日,福建,三明市,4
1月27日,福建,莆田市,4
1月27日,福建,南平市,1
1月27日,福建,龙岩市,1
1月28日,上海,上海,0
1月28日,江西,新余市,0
1月28日,泰国,泰国,6
1月28日,云南,昆明市,5
1月28日,云南,玉溪市,4
1月28日,云南,保山市,1
1月28日,云南,丽江市,1
1月28日,云南,西双版纳州,5
1月28日,云南,大理州,1
1月28日,陕西,西安市,3
1月28日,陕西,宝鸡市,3
1月28日,陕西,渭南市,2
1月28日,陕西,汉中市,1
1月28日,陕西,安康市,1
1月28日,陕西,商洛市,1
1月28日,山东,山东,8
1月28日,内蒙古,呼和浩特市,2
1月28日,北京,西城区,1
1月28日,北京,海淀区,4
1月28日,北京,丰台区,3
1月28日,北京,顺义区,1
1月28日,北京,大兴区,2
1月28日,新加坡,新加坡,3
1月28日,广西,梧州市,0
1月28日,广西,防城港市,0
1月28日,台湾,台湾,2
1月28日,日本,日本,2
1月28日,湖北,湖北,0
1月28日,浙江,温州市,0
1月28日,辽宁,锦州市,4
1月28日,福建,福州市,6
1月28日,福建,漳州市,1
1月28日,日本,日本,1
1月28日,台湾,台湾,1
1月28日,北京,外地来京,0
1月28日,黑龙江,齐齐哈尔市,1
1月28日,黑龙江,佳木斯市,2
1月26日,江西,南昌市,4
1月26日,江西,九江市,2
1月26日,江西,新余市,2
1月26日,江西,宜春市,1
1月26日,江西,吉安市,1
1月26日,江西,抚州市,1
1月26日,江西,景德镇市,1
1月26日,辽宁,盘锦市,1
1月26日,湖北,武汉市,80
1月26日,湖北,黄石市,5
1月26日,湖北,十堰市,20
1月26日,湖北,襄阳市,34
1月26日,湖北,宜昌市,11
1月26日,湖北,荆州市,14
1月26日,湖北,荆门市,52
1月26日,湖北,鄂州市,19
1月26日,湖北,孝感市,45
1月26日,湖北,黄冈市,32
1月26日,湖北,咸宁市,21
1月26日,湖北,随州市,16
1月26日,湖北,恩施州,8
1月26日,湖北,仙桃市,1
1月26日,湖北,天门市,8
1月26日,湖北,潜江市,5
1月26日,山西,朔州市,2
1月26日,山西,临汾市,1
1月26日,山西,吕梁市,1
1月26日,美国,美国,2
1月26日,香港,香港,2
1月26日,广西,南宁市,4
1月26日,广西,桂林市,3
1月26日,广西,柳州市,2
1月26日,广西,北海市,2
1月26日,广西,防城港市,1
1月26日,广西,玉林市,1
1月26日,上海,上海市,13
1月26日,河南,开封市,1
1月26日,河南,鹤壁市,2
1月26日,河南,许昌市,1
1月26日,河南,商丘市,6
1月26日,河南,洛阳市,1
1月26日,河南,平顶山市,3
1月26日,河南,安阳市,4
1月26日,河南,新乡市,1
1月26日,河南,漯河市,3
1月26日,河南,三门峡市,1
1月26日,河南,南阳市,4
1月26日,河南,信阳市,1
1月26日,河南,驻马店市,2
1月26日,河南,周口市,6
1月26日,河南,郑州市,9
1月26日,山东,威海市,3
1月26日,山东,德州市,3
1月26日,山东,济南市,2
1月26日,山东,青岛市,2
1月26日,山东,烟台市,2
1月26日,山东,菏泽市,2
1月26日,山东,淄博市,1
1月26日,山东,潍坊市,1
1月26日,山东,日照市,1
1月26日,安徽,芜湖市,3
1月26日,安徽,安庆市,3
1月26日,安徽,蚌埠市,2
1月26日,安徽,宿州市,1
1月26日,安徽,淮南市,1
1月26日,江苏,徐州市,3
1月26日,江苏,无锡市,2
1月26日,江苏,常州市,1
1月26日,江苏,苏州市,1
1月26日,江苏,南通市,2
1月26日,江苏,淮安市,1
1月26日,江苏,扬州市,3
1月26日,江苏,泰州市,1
1月26日,浙江,温州市,14
1月26日,浙江,湖州市,2
1月26日,浙江,绍兴市,1
1月26日,浙江,舟山市,2
1月26日,浙江,金华市,2
1月26日,浙江,衢州市,2
1月26日,浙江,台州市,1
1月26日,湖南,长沙市,4
1月26日,湖南,衡阳市,1
1月26日,湖南,株洲市,2
1月26日,湖南,湘潭市,1
1月26日,湖南,邵阳市,6
1月26日,湖南,岳阳市,1
1月26日,湖南,常德市,5
1月26日,湖南,益阳市,3
1月26日,湖南,郴州市,3
1月26日,湖南,怀化市,3
1月26日,湖南,娄底市,2
1月26日,云南,保山市,2
1月26日,云南,昭通市,1
1月26日,云南,德宏州,2
1月26日,云南,昆明市,3
1月26日,贵州,六盘水市,1
1月26日,贵州,黔南州,1
1月26日,吉林,四平市,1
1月26日,吉林,松原市,1
1月26日,重庆,万州区,1
1月26日,重庆,大渡口区,2
1月26日,重庆,江北区,1
1月26日,重庆,九龙坡区,1
1月26日,重庆,渝北区,1
1月26日,重庆,巴南区,1
1月26日,重庆,长寿区,1
1月26日,重庆,江津区,2
1月26日,重庆,合川区,1
1月26日,重庆,綦江区,1
1月26日,重庆,璧山区,1
1月26日,重庆,潼南区,2
1月26日,重庆,开州区,3
1月26日,重庆,丰都县,2
1月26日,重庆,垫江县,2
1月26日,重庆,忠县,1
1月26日,重庆,云阳县,4
1月26日,重庆,巫山县,2
1月26日,重庆,巫溪县,2
1月26日,重庆,两江新区,4
1月26日,广东,梅州市,1
1月26日,广东,汕尾市,1
1月26日,广东,广州市,25
1月26日,广东,深圳市,9
1月26日,广东,珠海市,2
1月26日,广东,佛山市,4
1月26日,广东,韶关市,1
1月26日,广东,中山市,2
1月26日,广东,阳江市,2
1月26日,广东,湛江市,1
1月26日,甘肃,张掖市,1
1月26日,甘肃,陇南市,1
1月26日,甘肃,兰州市,4
1月26日,甘肃,临夏州,1
1月26日,黑龙江,佳木斯市,1
1月26日,黑龙江,双鸭山市,1
1月26日,黑龙江,七台河市,1
1月26日,黑龙江,绥化市,1
1月26日,黑龙江,大庆市,2
1月26日,内蒙古,包头市,2
1月26日,内蒙古,兴安盟,1
1月26日,内蒙古,通辽市,1
1月26日,河北,廊坊市,2
1月26日,河北,石家庄市,2
1月26日,河北,邢台市,1
1月27日,澳门,澳门,1
1月26日,天津,河北区,3
1月26日,天津,外地来津,1
1月26日,四川,成都市,11
1月26日,四川,绵阳市,2
1月26日,四川,泸州市,1
1月26日,四川,达州市,2
1月26日,四川,自贡市,1
1月26日,四川,资阳市,2
1月26日,四川,宜宾市,1
1月26日,四川,凉山州,1
1月26日,四川,广安市,4
1月27日,辽宁,沈阳市,1
1月27日,韩国,韩国,1
1月27日,陕西,西安市,4
1月27日,陕西,咸阳市,1
1月27日,陕西,渭南市,1
1月27日,陕西,延安市,1
1月27日,陕西,汉中市,2
1月27日,陕西,安康市,4
1月27日,天津,红桥区,1
1月27日,天津,河北区,2
1月27日,辽宁,大连市,1
1月26日,海南,海口市,2
1月26日,海南,三亚市,2
1月26日,海南,儋州市,1
1月26日,海南,万宁市,3
1月26日,海南,澄迈县,1
1月26日,海南,澄迈县,0
1月26日,宁夏,银川市,3
1月27日,天津,河西区,1
1月26日,福建,福州市,4
1月26日,福建,泉州市,5
1月26日,福建,莆田市,8
1月26日,福建,南平市,1
1月26日,福建,宁德市,3
1月27日,山东,枣庄市,2
1月27日,山东,烟台市,4
1月27日,山东,青岛市,3
1月27日,山东,威海市,2
1月27日,山东,菏泽市,1
1月26日,新疆,乌鲁木齐市,1
1月26日,澳大利亚,澳大利亚,1
1月26日,北京,西城区,2
1月26日,北京,海淀区,1
1月26日,北京,大兴区,2
1月26日,上海,外地来沪,0
1月26日,泰国,泰国,1
1月27日,湖北,荆州市,0
1月23日,湖北,黄冈市,0
1月22日,湖北,黄冈市,0
1月27日,山东,青岛市,0
1月27日,台湾,台湾,1
1月27日,辽宁,丹东市,3
1月27日,广东,广州市,2
1月27日,广东,梅州市,2
1月27日,广东,中山市,1
1月27日,云南,丽江市,3
1月27日,云南,保山市,1
1月27日,云南,曲靖市,1
1月27日,云南,大理州,1
1月27日,云南,红河州,1
1月27日,海南,三亚市,1
1月27日,海南,儋州市,1
1月27日,青海,西宁市,2
1月27日,天津,河西区,2
1月27日,天津,河东区,2
1月27日,广东,深圳市,0
1月27日,福建,福州市,1
1月27日,福建,漳州市,1
1月27日,福建,莆田市,1
1月27日,北京,东城区,1
1月27日,北京,朝阳区,6
1月27日,北京,通州区,1
1月27日,柬埔寨,柬埔寨,1
1月27日,斯里兰卡,斯里兰卡,1
1月25日,辽宁,营口市,1
1月25日,马来西亚,马来西亚,1
1月25日,湖北,武汉市,46
1月25日,湖北,襄阳市,2
1月25日,湖北,十堰市,15
1月25日,湖北,宜昌市,19
1月25日,湖北,荆州市,23
1月25日,湖北,荆门市,17
1月25日,湖北,咸宁市,43
1月25日,湖北,孝感市,29
1月25日,湖北,随州市,31
1月25日,湖北,恩施州,6
1月25日,湖北,仙桃市,1
1月25日,湖北,天门市,2
1月25日,湖北,黄冈市,58
1月25日,北京,东城区,1
1月25日,北京,西城区,1
1月25日,北京,朝阳区,2
1月25日,北京,海淀区,2
1月25日,北京,丰台区,1
1月25日,北京,通州区,2
1月25日,北京,昌平区,2
1月25日,上海,上海市,7
1月25日,山东,淄博市,1
1月25日,山东,潍坊市,1
1月25日,山东,威海市,1
1月25日,山东,日照市,1
1月25日,山东,济宁市,2
1月25日,山东,德州市,2
1月25日,山东,临沂市,4
1月25日,湖南,湘西自治州,3
1月25日,湖南,长沙市,10
1月25日,湖南,株洲市,2
1月25日,湖南,湘潭市,1
1月25日,湖南,岳阳市,1
1月25日,湖南,常德市,4
1月25日,湖南,郴州市,2
1月25日,湖南,怀化市,3
1月25日,江苏,南京市,3
1月25日,江苏,无锡市,1
1月25日,江苏,苏州市,4
1月25日,江苏,南通市,1
1月25日,江苏,连云港市,2
1月25日,江苏,淮安市,1
1月25日,江苏,泰州市,1
1月25日,河南,安阳市,3
1月25日,河南,漯河市,3
1月25日,河南,郑州市,12
1月25日,河南,平顶山市,1
1月25日,河南,新乡市,2
1月25日,河南,三门峡市,1
1月25日,河南,周口市,1
1月25日,河南,驻马店市,5
1月25日,河南,南阳市,7
1月25日,河南,信阳市,17
1月25日,重庆,万州区,3
1月25日,重庆,大渡口区,2
1月25日,重庆,江北区,2
1月25日,重庆,渝北区,2
1月25日,重庆,大足区,1
1月25日,重庆,铜梁区,1
1月25日,重庆,忠县,2
1月25日,重庆,云阳县,2
1月25日,重庆,奉节县,2
1月25日,重庆,巫溪县,1
1月25日,浙江,杭州市,15
1月25日,浙江,宁波市,7
1月25日,浙江,温州市,8
1月25日,浙江,湖州市,1
1月25日,浙江,嘉兴市,4
1月25日,浙江,绍兴市,1
1月25日,浙江,金华市,1
1月25日,浙江,衢州市,1
1月25日,浙江,台州市,1
1月25日,浙江,丽水市,3
1月25日,广东,揭阳市,3
1月25日,广东,深圳市,7
1月25日,广东,汕头市,1
1月25日,广东,佛山市,1
1月25日,广东,惠州市,1
1月25日,广东,东莞市,1
1月25日,广东,阳江市,1
1月25日,广东,湛江市,2
1月25日,广东,肇庆市,2
1月25日,广东,清远市,1
1月25日,安徽,合肥市,3
1月25日,安徽,马鞍山市,3
1月25日,安徽,阜阳市,3
1月25日,安徽,亳州市,2
1月25日,安徽,芜湖市,2
1月25日,安徽,宿州市,2
1月25日,安徽,宣城市,1
1月25日,安徽,六安市,1
1月25日,安徽,淮北市,1
1月25日,安徽,淮南市,1
1月25日,安徽,安庆市,1
1月25日,安徽,黄山市,1
1月25日,黑龙江,齐齐哈尔市,1
1月25日,黑龙江,哈尔滨市,2
1月25日,黑龙江,绥化市,1
1月25日,黑龙江,大庆市,2
1月25日,新疆,伊犁州,1
1月25日,河北,邯郸市,2
1月25日,河北,保定市,2
1月25日,河北,石家庄市,1
1月25日,韩国,韩国,1
1月25日,甘肃,兰州市,2
1月25日,甘肃,定西市,1
1月25日,江西,赣州市,5
1月25日,江西,宜春市,4
1月25日,江西,上饶市,4
1月25日,江西,抚州市,2
1月25日,江西,南昌市,1
1月25日,江西,萍乡市,1
1月25日,江西,吉安市,1
1月25日,山西,晋中市,2
1月25日,山西,阳泉市,1
1月26日,辽宁,丹东市,1
1月26日,辽宁,盘锦市,1
1月25日,广西,南宁市,1
1月25日,广西,柳州市,1
1月25日,广西,北海市,1
1月25日,广西,百色市,1
1月25日,广西,桂林市,5
1月25日,广西,梧州市,1
1月25日,四川,成都市,6
1月25日,四川,绵阳市,3
1月25日,四川,南充市,2
1月25日,四川,甘孜州,2
1月25日,四川,乐山市,1
1月25日,四川,眉山市,1
1月25日,四川,泸州市,1
1月26日,澳门,澳门,3
1月25日,海南,三亚市,2
1月25日,海南,澄迈县,1
1月26日,加拿大,加拿大,1
1月26日,陕西,西安市,4
1月26日,陕西,汉中市,1
1月26日,陕西,铜川市,2
1月25日,宁夏,银川市,1
1月26日,北京,海淀区,3
1月26日,山东,济南市,2
1月26日,山东,青岛市,2
1月26日,山东,滨州市,2
1月26日,山东,济宁市,1
1月26日,新加坡,新加坡,1
1月26日,辽宁,本溪市,1
1月26日,辽宁,沈阳市,1
1月26日,香港,香港,1
1月26日,江苏,镇江市,2
1月26日,福建,福州市,4
1月26日,福建,厦门市,1
1月26日,福建,漳州市,1
1月26日,福建,泉州市,1
1月26日,福建,三明市,3
1月26日,福建,宁德市,1
1月26日,泰国,泰国,1
1月26日,北京,朝阳区,3
1月26日,北京,外地来京,1
1月26日,北京,通州区,2
1月26日,北京,海淀区,1
1月26日,北京,石景山区,1
1月26日,北京,大兴区,1
1月26日,北京,丰台区,1
1月26日,台湾,台湾,1
1月26日,美国,美国,1
1月26日,日本,日本,1
1月26日,福建,福州市,3
1月26日,福建,莆田市,1
1月26日,福建,泉州市,1
1月26日,福建,南平市,1
1月26日,北京,海淀区,2
1月26日,北京,昌平区,2
1月26日,青海,西宁市,3
1月24日,湖北,孝感市,4
1月24日,湖北,武汉市,77
1月24日,湖北,十堰市,4
1月24日,湖北,荆门市,13
1月24日,湖北,仙桃市,8
1月24日,湖北,随州市,5
1月24日,湖北,恩施州,11
1月24日,湖北,鄂州市,1
1月24日,湖北,天门市,3
1月24日,湖北,荆州市,2
1月24日,湖北,黄冈市,52
1月24日,辽宁,沈阳市,1
1月24日,辽宁,大连市,1
1月24日,辽宁,本溪市,1
1月24日,辽宁,铁岭市,2
1月24日,辽宁,朝阳市,1
1月24日,辽宁,葫芦岛市,2
1月24日,甘肃,兰州市,1
1月24日,甘肃,临夏州,1
1月24日,法国,法国,2
1月24日,山西,大同市,1
1月24日,山西,长治市,1
1月24日,山西,运城市,2
1月24日,山西,太原市,1
1月24日,上海,上海市,13
1月24日,山东,德州市,1
1月24日,山东,聊城市,1
1月24日,山东,济宁市,1
1月24日,山东,威海市,1
1月24日,山东,日照市,1
1月24日,山东,临沂市,1
1月24日,江苏,常州市,5
1月24日,江苏,盐城市,1
1月24日,江苏,宿迁市,1
1月24日,江苏,南京市,1
1月24日,江苏,苏州市,1
1月24日,河北,保定市,1
1月24日,河北,承德市,1
1月24日,河北,石家庄市,3
1月24日,河北,沧州市,1
1月24日,重庆,万州区,7
1月24日,重庆,大渡口区,1
1月24日,重庆,九龙坡区,1
1月24日,重庆,长寿区,2
1月24日,重庆,合川区,2
1月24日,重庆,永川区,1
1月24日,重庆,璧山区,2
1月24日,重庆,开州区,2
1月24日,重庆,梁平区,1
1月24日,重庆,城口县,1
1月24日,重庆,丰都县,1
1月24日,重庆,忠县,2
1月24日,重庆,云阳县,1
1月24日,重庆,巫溪县,1
1月24日,重庆,石柱县,3
1月24日,重庆,两江新区,2
1月24日,广东,汕头市,1
1月24日,广东,东莞市,1
1月24日,广东,广州市,7
1月24日,广东,深圳市,5
1月24日,广东,珠海市,2
1月24日,广东,佛山市,3
1月24日,广东,惠州市,2
1月24日,广东,阳江市,2
1月24日,广东,肇庆市,1
1月24日,广东,清远市,1
1月24日,湖南,衡阳市,3
1月24日,湖南,湘潭市,1
1月24日,湖南,邵阳市,2
1月24日,湖南,岳阳市,2
1月24日,湖南,常德市,3
1月24日,湖南,益阳市,4
1月24日,湖南,怀化市,2
1月24日,湖南,娄底市,2
1月24日,黑龙江,哈尔滨市,5
1月24日,安徽,合肥市,4
1月24日,安徽,铜陵市,3
1月24日,安徽,安庆市,3
1月24日,安徽,马鞍山市,4
1月24日,安徽,阜阳市,5
1月24日,安徽,亳州市,3
1月24日,安徽,芜湖市,1
1月24日,安徽,滁州市,1
1月24日,浙江,杭州市,6
1月24日,浙江,宁波市,1
1月24日,浙江,温州市,4
1月24日,浙江,嘉兴市,1
1月24日,浙江,绍兴市,3
1月24日,浙江,舟山市,1
1月24日,浙江,金华市,1
1月24日,浙江,台州市,2
1月24日,新疆,乌鲁木齐市,1
1月24日,吉林,吉林市,1
1月24日,河南,平顶山市,1
1月24日,河南,新乡市,1
1月24日,河南,南阳市,8
1月24日,河南,驻马店市,2
1月24日,河南,郑州市,3
1月24日,河南,周口市,3
1月24日,河南,信阳市,4
1月25日,海南,三亚市,3
1月25日,海南,万宁市,3
1月25日,海南,儋州市,3
1月24日,四川,成都市,9
1月24日,四川,遂宁市,1
1月24日,四川,自贡市,1
1月24日,四川,内江市,1
1月24日,四川,泸州市,1
1月24日,内蒙古,锡林郭勒盟,1
1月25日,辽宁,沈阳市,2
1月25日,辽宁,大连市,1
1月25日,北京,大兴区,0
1月25日,马来西亚,马来西亚,3
1月25日,泰国,泰国,1
1月25日,澳大利亚,澳大利亚,1
1月25日,山东,青岛市,2
1月25日,山东,滨州市,1
1月25日,山东,菏泽市,1
1月25日,山东,济南市,1
1月25日,山东,日照市,1
1月24日,宁夏,固原市,1
1月25日,天津,天津市,1
1月25日,陕西,咸阳市,1
1月25日,陕西,安康市,2
1月25日,陕西,铜川市,3
1月25日,陕西,西安市,2
1月25日,陕西,咸阳市,1
1月25日,陕西,商洛市,1
1月25日,福建,福州市,1
1月25日,福建,漳州市,3
1月25日,福建,泉州市,2
1月25日,福建,三明市,1
1月25日,福建,宁德市,1
1月25日,日本,日本,1
1月24日,尼泊尔,尼泊尔,0
1月25日,澳大利亚,澳大利亚,3
1月25日,青海,西宁市,1
1月25日,天津,外地来津,1
1月25日,辽宁,大连市,1
1月25日,北京,朝阳区,1
1月25日,北京,海淀区,2
1月25日,云南,曲靖市,1
1月25日,云南,玉溪市,1
1月25日,云南,红河州,1
1月25日,云南,大理州,1
1月25日,云南,丽江市,1
1月25日,云南,昆明市,1
1月25日,海南,三亚市,1
1月25日,海南,陵水县,1
1月25日,内蒙古,锡林郭勒盟,1
1月25日,内蒙古,鄂尔多斯市,2
1月25日,内蒙古,赤峰市,1
1月25日,内蒙古,呼伦贝尔市,1
1月25日,贵州,黔西南州,1
1月24日,法国,法国,1
1月25日,湖北,黄石市,31
1月23日,河北,沧州市,1
1月23日,江西,南昌市,1
1月23日,江西,吉安市,1
1月23日,江西,九江市,1
1月23日,江西,新余市,1
1月23日,云南,昆明市,1
1月23日,广西,北海市,3
1月23日,广西,柳州市,1
1月23日,广西,桂林市,2
1月23日,广西,百色市,1
1月23日,广西,河池市,1
1月23日,北京,朝阳区,1
1月23日,北京,丰台区,1
1月23日,北京,外地来京,1
1月23日,北京,顺义区,1
1月23日,天津,天津市,1
1月23日,上海,上海市,4
1月23日,黑龙江,绥化市,1
1月23日,黑龙江,大庆市,1
1月23日,广东,阳江市,3
1月23日,广东,清远市,1
1月23日,广东,广州市,2
1月23日,广东,珠海市,4
1月23日,广东,佛山市,5
1月23日,广东,韶关市,1
1月23日,广东,惠州市,4
1月24日,广东,中山市,1
1月23日,湖北,荆门市,7
1月23日,湖北,宜昌市,1
1月23日,湖北,荆州市,2
1月23日,湖北,孝感市,22
1月23日,湖北,仙桃市,2
1月23日,湖北,十堰市,1
1月23日,湖北,武汉市,70
1月23日,安徽,安庆市,1
1月23日,安徽,池州市,1
1月23日,安徽,蚌埠市,1
1月23日,安徽,合肥市,1
1月23日,安徽,六安市,1
1月23日,安徽,阜阳市,1
1月23日,浙江,嘉兴市,3
1月23日,浙江,衢州市,1
1月23日,浙江,台州市,12
1月23日,重庆,大渡口区,1
1月23日,重庆,九龙坡区,2
1月23日,重庆,渝北区,2
1月23日,重庆,开州区,2
1月23日,重庆,忠县,1
1月23日,重庆,云阳县,1
1月23日,重庆,奉节县,1
1月23日,重庆,巫溪县,1
1月23日,重庆,秀山县,1
1月23日,重庆,两江新区,1
1月23日,重庆,巫山县,1
1月23日,重庆,万州区,1
1月23日,重庆,长寿区,2
1月23日,重庆,垫江县,1
1月23日,河南,周口市,1
1月23日,河南,信阳市,1
1月23日,河南,郑州市,1
1月23日,河南,郑州市,1
1月23日,吉林,吉林市,1
1月23日,吉林,松原市,1
1月23日,四川,成都市,3
1月24日,四川,广安市,1
1月24日,四川,德阳市,1
1月24日,四川,遂宁市,1
1月24日,四川,雅安市,1
1月23日,山东,潍坊市,1
1月23日,山东,日照市,1
1月23日,山东,威海市,1
1月23日,江苏,南京市,1
1月23日,江苏,苏州市,1
1月23日,江苏,无锡市,1
1月23日,江苏,南通市,1
1月23日,海南,海口市,2
1月23日,海南,三亚市,1
1月23日,海南,万宁市,1
1月23日,湖南,岳阳市,3
1月23日,湖南,娄底市,3
1月23日,湖南,永州市,3
1月23日,湖南,长沙市,4
1月23日,湖南,株洲市,1
1月23日,湖南,湘潭市,1
1月23日,辽宁,朝阳市,1
1月23日,内蒙古,呼伦贝尔市,1
1月24日,天津,天津市,1
1月24日,山东,济南市,2
1月24日,山东,烟台市,2
1月24日,山东,济宁市,1
1月24日,山东,青岛市,1
1月24日,福建,福州市,2
1月24日,福建,厦门市,2
1月24日,北京,大兴区,0
1月24日,韩国,韩国,1
1月24日,北京,西城区,1
1月24日,北京,外地来京,2
1月24日,福建,福州市,1
1月23日,宁夏,中卫市,1
1月24日,新加坡,新加坡,2
1月24日,天津,天津市,1
1月24日,陕西,安康市,1
1月24日,陕西,延安市,1
1月24日,北京,朝阳区,2
1月24日,北京,海淀区,1
1月24日,北京,昌平区,1
1月24日,北京,外地来京,1
1月24日,上海,外地来沪,0
1月24日,台湾,台湾,2
1月24日,日本,日本,1
1月24日,泰国,泰国,1
1月24日,贵州,铜仁市,1
1月24日,天津,天津市,1
1月24日,北京,海淀区,2
1月24日,云南,昆明市,1
1月24日,云南,西双版纳州,1
1月24日,云南,丽江市,1
1月24日,尼泊尔,尼泊尔,1
1月24日,美国,美国,1
1月24日,广西,桂林市,4
1月24日,广西,柳州市,1
1月24日,广西,河池市,2
1月24日,广西,防城港市,2
1月24日,广西,玉林市,1
1月24日,江西,抚州市,3
1月24日,江西,赣州市,2
1月24日,江西,上饶市,2
1月24日,江西,南昌市,1
1月24日,江西,九江市,1
1月24日,江西,景德镇市,1
1月24日,江西,宜春市,1
1月24日,香港,香港,3
1月23日,湖北,武汉市,0
1月23日,日本,日本,0
1月22日,江苏,苏州市,1
1月23日,黑龙江,牡丹江市,1
1月22日,广西,北海市,2
1月22日,广西,柳州市,1
1月22日,上海,上海市,7
1月22日,四川,成都市,2
1月22日,四川,达州市,1
1月23日,澳门,澳门,1
1月22日,山东,青岛市,2
1月22日,山东,临沂市,2
1月22日,广东,中山市,1
1月22日,广东,肇庆市,1
1月22日,广东,广州市,3
1月22日,广东,深圳市,1
1月23日,吉林,长春市,1
1月23日,福建,厦门市,1
1月23日,福建,泉州市,1
1月23日,福建,宁德市,1
1月23日,湖南,长沙市,3
1月23日,湖南,永州市,1
1月23日,湖南,郴州市,1
1月23日,辽宁,沈阳市,1
1月23日,内蒙古,呼伦贝尔市,0
1月22日,重庆,涪陵区,1
1月22日,重庆,永川区,2
1月22日,贵州,铜仁市,1
1月22日,贵州,黔南州,1
1月23日,安徽,六安市,1
1月23日,安徽,滁州市,1
1月23日,安徽,阜阳市,1
1月23日,安徽,合肥市,4
1月23日,安徽,亳州市,1
1月22日,江西,南昌市,1
1月23日,甘肃,兰州市,0
1月23日,浙江,杭州市,5
1月23日,浙江,宁波市,2
1月23日,浙江,温州市,2
1月23日,浙江,绍兴市,1
1月23日,浙江,金华市,1
1月23日,浙江,衢州市,1
1月23日,浙江,台州市,5
1月23日,黑龙江,哈尔滨市,1
1月22日,浙江,温州市,0
1月23日,福建,福州市,1
1月23日,福建,厦门市,0
1月23日,新疆,乌鲁木齐市,2
1月23日,陕西,咸阳市,1
1月23日,陕西,西安市,2
1月23日,北京,西城区,1
1月23日,北京,朝阳区,1
1月23日,北京,海淀区,1
1月23日,北京,通州区,1
1月23日,北京,外地来京,4
1月23日,香港,香港,2
1月23日,新加坡,新加坡,1
1月23日,江苏,南京市,2
1月23日,江苏,连云港市,1
1月23日,江苏,扬州市,1
1月23日,甘肃,兰州市,1
1月23日,甘肃,白银市,1
1月23日,越南,越南,2
1月20日,湖南,长沙市,1
1月21日,四川,广安市,1
1月21日,江西,抚州市,1
1月21日,江西,萍乡市,1
1月20日,美国,美国,1
1月21日,湖北,荆门市,0
1月21日,上海,上海市,3
1月22日,澳门,澳门,1
1月22日,泰国,泰国,1
1月21日,安徽,合肥市,0
1月21日,广西,梧州市,0
1月21日,广东,广州市,2
1月21日,广东,深圳市,4
1月21日,广东,佛山市,1
1月21日,广东,韶关市,2
1月22日,浙江,宁波市,3
1月22日,浙江,温州市,2
1月22日,天津,天津市,2
1月22日,江苏,扬州市,0
1月21日,湖北,武汉市,0
1月22日,辽宁,大连市,1
1月22日,辽宁,沈阳市,1
1月21日,湖北,武汉市,105
1月22日,海南,三亚市,1
1月22日,海南,海口市,2
1月22日,海南,临高县,1
1月22日,福建,福州市,1
1月22日,湖南,怀化市,3
1月22日,贵州,贵阳市,1
1月22日,四川,成都市,1
1月22日,四川,绵阳市,2
1月22日,山西,太原市,1
1月22日,重庆,垫江县,1
1月22日,宁夏,银川市,1
1月22日,广西,北海市,1
1月22日,广西,梧州市,1
1月22日,河南,三门峡市,1
1月22日,河南,洛阳市,1
1月22日,河南,郑州市,2
1月22日,安徽,合肥市,1
1月22日,山东,威海市,1
1月22日,湖北,武汉市,62
1月22日,湖北,荆州市,6
1月22日,湖北,荆门市,1
1月22日,河北,石家庄市,1
1月22日,北京,石景山区,1
1月22日,北京,西城区,1
1月22日,北京,外地来京,1
1月22日,北京,朝阳区,1
1月18日,泰国,泰国,0
1月21日,泰国,泰国,0
1月22日,泰国,泰国,1
1月21日,广东,深圳市,1
1月21日,广东,珠海市,1
1月21日,广东,湛江市,1
1月20日,湖北,武汉市,60
1月20日,湖北,黄冈市,12
1月20日,上海,上海市,1
1月20日,上海,上海市,4
1月19日,天津,天津市,2
1月21日,浙江,温州市,2
1月21日,浙江,杭州市,1
1月21日,浙江,舟山市,1
1月21日,浙江,台州市,1
1月20日,韩国,韩国,1
1月21日,台湾,台湾,1
1月21日,河南,郑州市,1
1月21日,香港,香港,0
1月21日,重庆,巫山县,2
1月21日,重庆,万州区,2
1月21日,重庆,长寿区,1
1月21日,四川,成都市,1
1月21日,北京,丰台区,1
1月21日,北京,海淀区,1
1月21日,北京,西城区,1
1月21日,北京,通州区,1
1月21日,北京,海淀区,1
1月20日,云南,昆明市,1
1月20日,山东,青岛市,1
1月21日,黑龙江,牡丹江市,0
1月20日,北京,大兴区,2
1月20日,北京,昌平区,2
1月20日,北京,外地来京,1
1月19日,广东,深圳市,1
1月20日,广东,深圳市,8
1月20日,广东,珠海市,3
1月20日,广东,湛江市,1
1月20日,广东,惠州市,1
1月18日,湖北,武汉市,59
1月19日,湖北,武汉市,77
1月20日,上海,上海市,1
1月21日,四川,成都市,0
1月17日,湖北,武汉市,17
1月16日,湖北,武汉市,4
1月15日,日本,日本,1
1月15日,湖北,武汉市,0
1月12日,湖北,武汉市,0
1月11日,湖北,武汉市,0
1月10日,湖北,武汉市,41
1月17日,泰国,泰国,2
